{
	"parameters": {
		"logging" : {
			"comment": "LogLevel: 0=FATAL, 1=WARN, 2=ERROR, 3=INFO, 4=DEBUG",
			"level" : 4,
			"maxFileSize" : 5242880,
			"maxRollingIdx" : 1000
		}
	},
	"test_executors" : [
		"HLDPTestExecutor"
	],
	"test_exec_configurations": {
		"HLDPTestExecutor": {
			"host": "hldp.burandotech.com",
			"port": "80",
			"ssl": "0",
			"tcid": "1"
		}
	},
	"test_suites_to_execute": [
		"HLDP_RANKING_SANITY_TESTSUITE",
		"HLDP_METRICS_SANITY_TESTSUITE"
	],
	"run_configurations": {
		"num_iterations": "4",
		"iteration_start": "11000",
		"num_threads": "2"
	}
}